en, 2700270.tif, 814, 150, 889, 262
to, 2700270.tif, 1597, 130, 1672, 262
th, 2700270.tif, 834, 314, 909, 450
an, 2700270.tif, 714, 590, 789, 674
nd, 2700270.tif, 804, 590, 879, 674
to, 2700270.tif, 876, 674, 951, 758
th, 2700270.tif, 1511, 907, 1586, 1005
he, 2700270.tif, 1556, 907, 1631, 1005
to, 2700270.tif, 1511, 907, 1586, 1005
to, 2700270.tif, 1751, 898, 1807, 1018
an, 2700270.tif, 503, 990, 578, 1122
th, 2700270.tif, 1035, 990, 1110, 1097
he, 2700270.tif, 1050, 990, 1125, 1097
th, 2700270.tif, 169, 1223, 244, 1370
he, 2700270.tif, 470, 1231, 545, 1357
or, 2700270.tif, 528, 1502, 603, 1617
re, 2700270.tif, 805, 1631, 880, 1694
ar, 2700270.tif, 760, 1631, 835, 1694
ng, 2700270.tif, 289, 1667, 364, 1813
th, 2700270.tif, 599, 1690, 674, 1801
he, 2700270.tif, 629, 1690, 704, 1801
re, 2700270.tif, 817, 1706, 892, 1798
ar, 2700270.tif, 787, 1706, 862, 1798
th, 2700270.tif, 823, 1762, 898, 1869
he, 2700270.tif, 733, 1762, 808, 1869
at, 2700270.tif, 1017, 1875, 1092, 1953
it, 2700270.tif, 1032, 1875, 1107, 1953
th, 2700270.tif, 791, 1939, 866, 2061
re, 2700270.tif, 602, 2143, 677, 2209
ar, 2700270.tif, 557, 2143, 632, 2209
to, 2700270.tif, 680, 2114, 755, 2206
th, 2700270.tif, 1192, 2110, 1267, 2206
he, 2700270.tif, 1237, 2110, 1312, 2206
to, 2700270.tif, 1040, 2206, 1115, 2294
th, 2700270.tif, 1044, 2279, 1119, 2381
at, 2700270.tif, 1545, 2299, 1620, 2406
en, 2700270.tif, 1500, 2299, 1575, 2406
nt, 2700270.tif, 1530, 2299, 1605, 2406
on, 2700270.tif, 614, 2366, 689, 2481
th, 2700270.tif, 1424, 2374, 1499, 2473
he, 2700270.tif, 1469, 2374, 1544, 2473
ng, 2700270.tif, 457, 2522, 532, 2665
nt, 2700270.tif, 547, 2522, 622, 2665
nt, 2700270.tif, 1736, 2635, 1811, 2746
to, 2700270.tif, 1020, 2718, 1088, 2829
ed, 2700270.tif, 1399, 2722, 1474, 2821
on, 2700270.tif, 463, 2807, 538, 2898
en, 2700270.tif, 448, 2807, 523, 2898
on, 2700270.tif, 699, 2895, 774, 2989
to, 2700270.tif, 1002, 2891, 1077, 2973
ng, 2710271.tif, 877, 310, 952, 434
at, 2710271.tif, 1399, 479, 1474, 605
or, 2710271.tif, 1369, 479, 1444, 605
to, 2710271.tif, 1339, 479, 1414, 605
nd, 2710271.tif, 714, 578, 789, 701
ed, 2710271.tif, 714, 578, 789, 701
th, 2710271.tif, 1467, 658, 1542, 754
he, 2710271.tif, 1497, 658, 1572, 754
at, 2710271.tif, 1557, 658, 1632, 754
re, 2710271.tif, 1874, 762, 1949, 829
ar, 2710271.tif, 1814, 762, 1889, 829
to, 2710271.tif, 228, 851, 303, 933
an, 2710271.tif, 478, 942, 553, 1021
en, 2710271.tif, 493, 942, 568, 1021
or, 2710271.tif, 800, 926, 875, 1013
to, 2710271.tif, 827, 1102, 902, 1197
at, 2710271.tif, 1114, 1267, 1189, 1369
an, 2710271.tif, 1057, 1363, 1132, 1454
en, 2710271.tif, 1072, 1363, 1147, 1454
nd, 2710271.tif, 1102, 1363, 1177, 1454
he, 2710271.tif, 863, 1422, 938, 1529
er, 2710271.tif, 1412, 1438, 1487, 1526
on, 2710271.tif, 1292, 1438, 1367, 1526
or, 2710271.tif, 1292, 1438, 1367, 1526
nd, 2710271.tif, 1337, 1438, 1412, 1526
at, 2710271.tif, 1236, 1515, 1311, 1641
or, 2710271.tif, 1221, 1515, 1296, 1641
en, 2710271.tif, 1515, 1606, 1590, 1729
th, 2710271.tif, 1114, 1758, 1189, 1878
he, 2710271.tif, 1144, 1758, 1219, 1878
he, 2710271.tif, 689, 2038, 764, 2158
ed, 2710271.tif, 1808, 2046, 1883, 2161
at, 2710271.tif, 243, 2123, 318, 2241
to, 2710271.tif, 1284, 2139, 1359, 2238
re, 2710271.tif, 491, 2214, 566, 2334
ng, 2710271.tif, 701, 2214, 776, 2334
he, 2710271.tif, 1452, 2203, 1527, 2310
re, 2710271.tif, 662, 2326, 737, 2390
ar, 2710271.tif, 602, 2326, 677, 2390
or, 2710271.tif, 951, 2307, 1026, 2401
nd, 2710271.tif, 996, 2307, 1071, 2401
ed, 2710271.tif, 1101, 2307, 1176, 2401
to, 2710271.tif, 1664, 2310, 1739, 2417
he, 2710271.tif, 860, 2379, 935, 2481
at, 2710271.tif, 905, 2379, 980, 2481
he, 2710271.tif, 1391, 2374, 1466, 2505
on, 2710271.tif, 1880, 2422, 1955, 2489
or, 2710271.tif, 1880, 2422, 1955, 2489
en, 2710271.tif, 1865, 2422, 1940, 2489
es, 2710271.tif, 685, 2562, 760, 2654
it, 2710271.tif, 1767, 2543, 1842, 2670
on, 2710271.tif, 936, 2655, 1011, 2750
th, 2710271.tif, 1375, 2650, 1450, 2758
er, 2710271.tif, 716, 2818, 791, 2906
or, 2710271.tif, 596, 2818, 671, 2906
st, 2710271.tif, 1197, 2818, 1272, 2909
it, 2710271.tif, 1212, 2818, 1287, 2909
or, 2710271.tif, 587, 2903, 662, 2989
at, 2710271.tif, 687, 2903, 762, 2989
it, 2710271.tif, 717, 2903, 792, 2989
at, 2710271.tif, 1106, 2911, 1181, 2997
ng, 2710271.tif, 1031, 2911, 1106, 2997
it, 2710271.tif, 1121, 2911, 1196, 2997
st, 2710271.tif, 1303, 2975, 1378, 3082
th, 2710271.tif, 1671, 3002, 1746, 3106
at, 2710271.tif, 1731, 3002, 1806, 3106
it, 2710271.tif, 1746, 3002, 1821, 3106
nd, 2720272.tif, 1007, 159, 1082, 262
th, 2720272.tif, 1434, 311, 1509, 414
he, 2720272.tif, 1464, 311, 1539, 414
ed, 2720272.tif, 968, 574, 1043, 674
th, 2720272.tif, 1454, 570, 1529, 678
he, 2720272.tif, 1484, 570, 1559, 678
on, 2720272.tif, 1084, 742, 1159, 874
ng, 2720272.tif, 964, 742, 1039, 874
at, 2720272.tif, 1578, 759, 1653, 841
en, 2720272.tif, 1533, 759, 1608, 841
nt, 2720272.tif, 1563, 759, 1638, 841
it, 2720272.tif, 1593, 759, 1668, 841
he, 2720272.tif, 1516, 838, 1591, 937
es, 2720272.tif, 1845, 846, 1920, 933
er, 2720272.tif, 1304, 1079, 1379, 1189
ed, 2720272.tif, 1795, 1102, 1870, 1193
an, 2720272.tif, 978, 1159, 1053, 1270
nd, 2720272.tif, 1008, 1159, 1083, 1270
an, 2720272.tif, 527, 1254, 602, 1357
nd, 2720272.tif, 587, 1254, 662, 1357
th, 2720272.tif, 552, 1327, 627, 1438
he, 2720272.tif, 582, 1327, 657, 1438
he, 2720272.tif, 1500, 1331, 1575, 1438
en, 2720272.tif, 1644, 1350, 1719, 1434
th, 2720272.tif, 1226, 1506, 1301, 1609
on, 2720272.tif, 1184, 1587, 1259, 1717
re, 2720272.tif, 605, 1702, 680, 1774
ng, 2720272.tif, 1101, 1667, 1176, 1805
he, 2720272.tif, 1752, 1667, 1827, 1769
at, 2720272.tif, 568, 1766, 643, 1869
ed, 2720272.tif, 718, 1766, 793, 1869
re, 2720272.tif, 941, 1854, 1016, 1965
it, 2720272.tif, 511, 1946, 586, 2030
at, 2720272.tif, 1114, 1950, 1189, 2038
it, 2720272.tif, 1114, 1950, 1189, 2038
at, 2720272.tif, 802, 2027, 877, 2117
to, 2720272.tif, 832, 2027, 907, 2117
it, 2720272.tif, 817, 2027, 892, 2117
at, 2720272.tif, 903, 2014, 978, 2117
it, 2720272.tif, 1179, 2027, 1254, 2117
he, 2720272.tif, 988, 2098, 1063, 2206
to, 2720272.tif, 591, 2279, 666, 2369
at, 2720272.tif, 1641, 2279, 1716, 2377
ng, 2720272.tif, 708, 2395, 783, 2490
re, 2720272.tif, 1797, 2574, 1872, 2637
ar, 2720272.tif, 1752, 2574, 1827, 2637
it, 2720272.tif, 1464, 2707, 1539, 2825
ng, 2720272.tif, 1006, 2907, 1081, 3002
he, 2720272.tif, 319, 2943, 394, 3062
th, 2720272.tif, 694, 3051, 769, 3158
at, 2720272.tif, 754, 3051, 829, 3158
ng, 2720272.tif, 953, 3051, 1028, 3158
on, 2720272.tif, 1292, 3059, 1367, 3174
or, 2720272.tif, 1307, 3059, 1382, 3174
an, 2730273.tif, 1234, 411, 1309, 526
ng, 2730273.tif, 1264, 411, 1339, 526
en, 2730273.tif, 1784, 422, 1859, 497
th, 2730273.tif, 191, 470, 266, 577
to, 2730273.tif, 1848, 470, 1908, 610
he, 2730273.tif, 719, 563, 794, 693
ng, 2730273.tif, 824, 563, 899, 693
to, 2730273.tif, 242, 823, 317, 922
at, 2730273.tif, 595, 811, 670, 926
nd, 2730273.tif, 430, 898, 505, 1037
to, 2730273.tif, 1335, 1182, 1410, 1286
an, 2730273.tif, 1819, 1186, 1894, 1290
nd, 2730273.tif, 1849, 1186, 1924, 1290
ar, 2730273.tif, 1835, 1246, 1907, 1378
ar, 2730273.tif, 322, 1527, 397, 1634
on, 2730273.tif, 1743, 1966, 1818, 2053
on, 2730273.tif, 525, 2047, 600, 2154
ng, 2730273.tif, 435, 2047, 510, 2154
th, 2730273.tif, 1067, 2098, 1142, 2242
ng, 2730273.tif, 1127, 2098, 1202, 2242
to, 2730273.tif, 1751, 2114, 1826, 2229
th, 2730273.tif, 1438, 2199, 1513, 2321
it, 2730273.tif, 1408, 2199, 1483, 2321
ed, 2730273.tif, 842, 2295, 917, 2413
nd, 2730273.tif, 1766, 2287, 1841, 2390
he, 2730273.tif, 787, 2366, 862, 2469
to, 2730273.tif, 712, 2366, 787, 2469
th, 2730273.tif, 1207, 2370, 1282, 2473
he, 2730273.tif, 1222, 2370, 1297, 2473
on, 2730273.tif, 992, 2555, 1067, 2642
en, 2730273.tif, 1007, 2555, 1082, 2642
re, 2730273.tif, 1208, 2574, 1283, 2654
to, 2730273.tif, 1103, 2574, 1178, 2654
re, 2730273.tif, 877, 2751, 952, 2821
on, 2730273.tif, 787, 2751, 862, 2821
ng, 2730273.tif, 1094, 2730, 1169, 2854
ng, 2730273.tif, 1417, 2730, 1492, 2858
to, 2730273.tif, 1611, 2735, 1686, 2841
on, 2730273.tif, 1718, 2739, 1793, 2841
th, 2730273.tif, 223, 2799, 298, 2902
he, 2730273.tif, 253, 2799, 328, 2902
re, 2730273.tif, 1893, 2855, 1968, 2921
ar, 2730273.tif, 1803, 2855, 1878, 2921
th, 2730273.tif, 799, 2882, 874, 2989
he, 2730273.tif, 814, 2882, 889, 2989
at, 2730273.tif, 859, 2882, 934, 2989
ar, 2730273.tif, 1144, 3011, 1219, 3102
he, 2730273.tif, 1523, 2999, 1598, 3114
an, 2730273.tif, 614, 3082, 689, 3158
at, 2730273.tif, 629, 3082, 704, 3158
nd, 2730273.tif, 689, 3082, 764, 3158
ar, 2730273.tif, 599, 3082, 674, 3158
th, 2730273.tif, 1771, 3086, 1846, 3197
to, 2730273.tif, 1756, 3086, 1831, 3197
to, 2740274.tif, 850, 363, 925, 445
on, 2740274.tif, 743, 434, 818, 534
nd, 2740274.tif, 462, 519, 537, 638
at, 2740274.tif, 1605, 526, 1680, 610
en, 2740274.tif, 1560, 526, 1635, 610
nt, 2740274.tif, 1590, 526, 1665, 610
it, 2740274.tif, 379, 595, 454, 718
an, 2740274.tif, 391, 811, 466, 881
ng, 2740274.tif, 707, 946, 782, 1074
th, 2740274.tif, 564, 1022, 639, 1129
he, 2740274.tif, 594, 1022, 669, 1129
ar, 2740274.tif, 1640, 1100, 1715, 1196
re, 2740274.tif, 597, 1234, 672, 1301
he, 2740274.tif, 1692, 1194, 1767, 1285
he, 2740274.tif, 724, 1286, 799, 1386
nd, 2740274.tif, 1204, 1403, 1279, 1466
to, 2740274.tif, 471, 1467, 546, 1554
th, 2740274.tif, 496, 1626, 571, 1726
he, 2740274.tif, 541, 1626, 616, 1726
at, 2740274.tif, 1723, 1626, 1798, 1714
st, 2740274.tif, 1708, 1626, 1783, 1714
it, 2740274.tif, 1723, 1626, 1798, 1714
re, 2740274.tif, 1247, 1706, 1322, 1809
on, 2740274.tif, 1322, 1706, 1397, 1809
th, 2740274.tif, 327, 1778, 402, 1902
he, 2740274.tif, 342, 1778, 417, 1902
on, 2740274.tif, 1750, 1798, 1825, 1882
to, 2740274.tif, 1720, 1798, 1795, 1882
re, 2740274.tif, 1112, 1906, 1187, 1978
an, 2740274.tif, 1178, 2067, 1253, 2150
nd, 2740274.tif, 1253, 2067, 1328, 2150
ed, 2740274.tif, 1283, 2067, 1358, 2150
re, 2740274.tif, 718, 2166, 793, 2233
to, 2740274.tif, 760, 2227, 835, 2318
or, 2740274.tif, 928, 2211, 1003, 2318
to, 2740274.tif, 1475, 2223, 1550, 2314
an, 2740274.tif, 1371, 2503, 1446, 2573
ng, 2740274.tif, 582, 2570, 657, 2690
re, 2740274.tif, 1749, 2570, 1824, 2660
th, 2740274.tif, 324, 2726, 399, 2833
he, 2740274.tif, 354, 2726, 429, 2833
he, 2740274.tif, 1428, 2894, 1503, 3002
ng, 2740274.tif, 1505, 2967, 1580, 3122
er, 2750275.tif, 1599, 167, 1674, 274
to, 2750275.tif, 1539, 167, 1614, 274
to, 2750275.tif, 436, 331, 511, 430
to, 2750275.tif, 628, 338, 703, 437
th, 2750275.tif, 1151, 499, 1226, 614
he, 2750275.tif, 1196, 499, 1271, 614
nd, 2750275.tif, 301, 595, 376, 681
ed, 2750275.tif, 301, 595, 376, 681
it, 2750275.tif, 543, 683, 618, 789
re, 2750275.tif, 936, 711, 1011, 770
ar, 2750275.tif, 861, 711, 936, 770
he, 2750275.tif, 1176, 678, 1251, 778
nd, 2750275.tif, 1820, 870, 1895, 981
an, 2750275.tif, 1027, 943, 1102, 1030
or, 2750275.tif, 1585, 971, 1660, 1038
nd, 2750275.tif, 1615, 971, 1690, 1038
th, 2750275.tif, 1532, 1094, 1607, 1213
on, 2750275.tif, 485, 1191, 560, 1305
on, 2750275.tif, 1083, 1222, 1158, 1286
th, 2750275.tif, 1652, 1286, 1727, 1385
he, 2750275.tif, 1682, 1286, 1757, 1385
an, 2750275.tif, 1590, 1394, 1665, 1470
nd, 2750275.tif, 1680, 1394, 1755, 1470
ar, 2750275.tif, 1575, 1394, 1650, 1470
an, 2750275.tif, 824, 1522, 899, 1633
on, 2750275.tif, 839, 1522, 914, 1633
en, 2750275.tif, 824, 1522, 899, 1633
er, 2750275.tif, 1136, 1546, 1211, 1633
he, 2750275.tif, 367, 1595, 442, 1718
on, 2750275.tif, 1143, 1978, 1218, 2066
th, 2750275.tif, 436, 2035, 511, 2153
ti, 2750275.tif, 702, 2059, 777, 2158
to, 2750275.tif, 863, 2143, 938, 2241
nd, 2750275.tif, 368, 2207, 443, 2321
ed, 2750275.tif, 383, 2207, 458, 2321
ed, 2750275.tif, 1421, 2319, 1496, 2401
re, 2750275.tif, 382, 2418, 457, 2489
he, 2750275.tif, 655, 2382, 730, 2486
st, 2750275.tif, 932, 2399, 1007, 2489
it, 2750275.tif, 947, 2399, 1022, 2489
th, 2750275.tif, 1458, 2390, 1533, 2501
ng, 2750275.tif, 1455, 2491, 1530, 2614
on, 2750275.tif, 549, 2590, 624, 2685
th, 2750275.tif, 655, 2555, 730, 2661
he, 2750275.tif, 685, 2555, 760, 2661
on, 2750275.tif, 1135, 2574, 1210, 2669
it, 2750275.tif, 967, 2650, 1042, 2761
he, 2750275.tif, 1196, 2650, 1271, 2761
at, 2750275.tif, 1226, 2650, 1301, 2761
he, 2750275.tif, 1826, 2671, 1901, 2782
ng, 2750275.tif, 1792, 2938, 1867, 3054
re, 2750275.tif, 1166, 3035, 1241, 3101
ar, 2750275.tif, 1121, 3035, 1196, 3101
to, 2750275.tif, 1247, 3023, 1322, 3101
he, 2760276.tif, 1095, 403, 1170, 497
an, 2760276.tif, 1247, 411, 1322, 493
ed, 2760276.tif, 1352, 411, 1427, 493
to, 2760276.tif, 1322, 411, 1397, 493
nt, 2760276.tif, 1277, 411, 1352, 493
th, 2760276.tif, 480, 482, 555, 606
he, 2760276.tif, 510, 482, 585, 606
at, 2760276.tif, 584, 575, 659, 673
nd, 2760276.tif, 1011, 579, 1086, 673
ed, 2760276.tif, 996, 579, 1071, 673
th, 2760276.tif, 1507, 570, 1582, 665
re, 2760276.tif, 771, 654, 846, 774
on, 2760276.tif, 354, 778, 429, 845
or, 2760276.tif, 399, 778, 474, 845
en, 2760276.tif, 369, 778, 444, 845
th, 2760276.tif, 431, 746, 506, 862
at, 2760276.tif, 491, 746, 566, 862
at, 2760276.tif, 776, 742, 851, 862
nt, 2760276.tif, 776, 742, 851, 862
on, 2760276.tif, 1507, 755, 1582, 874
en, 2760276.tif, 1038, 899, 1113, 1038
to, 2760276.tif, 762, 987, 837, 1109
th, 2760276.tif, 536, 1583, 611, 1694
he, 2760276.tif, 566, 1583, 641, 1694
re, 2760276.tif, 463, 1686, 538, 1778
on, 2760276.tif, 328, 1686, 403, 1778
or, 2760276.tif, 328, 1686, 403, 1778
nd, 2760276.tif, 508, 1686, 583, 1778
ed, 2760276.tif, 493, 1686, 568, 1778
th, 2760276.tif, 412, 1759, 487, 1866
he, 2760276.tif, 442, 1759, 517, 1866
he, 2760276.tif, 945, 1759, 1020, 1866
th, 2760276.tif, 1475, 1746, 1550, 1853
he, 2760276.tif, 1490, 1746, 1565, 1853
an, 2760276.tif, 1011, 1862, 1086, 1945
nd, 2760276.tif, 1086, 1862, 1161, 1945
re, 2760276.tif, 1825, 1859, 1900, 1954
on, 2760276.tif, 496, 1943, 571, 2033
or, 2760276.tif, 496, 1943, 571, 2033
nd, 2760276.tif, 661, 1943, 736, 2033
ed, 2760276.tif, 661, 1943, 736, 2033
er, 2760276.tif, 1149, 1939, 1224, 2029
nd, 2760276.tif, 1074, 1939, 1149, 2029
or, 2760276.tif, 328, 2031, 403, 2117
an, 2760276.tif, 1303, 2042, 1378, 2117
nd, 2760276.tif, 1378, 2042, 1453, 2117
at, 2760276.tif, 588, 2122, 663, 2201
ar, 2760276.tif, 603, 2122, 678, 2201
he, 2760276.tif, 1087, 2090, 1162, 2214
an, 2760276.tif, 1011, 2191, 1086, 2293
nd, 2760276.tif, 1056, 2191, 1131, 2293
or, 2760276.tif, 820, 2295, 895, 2386
an, 2760276.tif, 1276, 2254, 1351, 2377
at, 2760276.tif, 1306, 2254, 1381, 2377
nt, 2760276.tif, 1306, 2254, 1381, 2377
th, 2760276.tif, 969, 2363, 1044, 2469
it, 2760276.tif, 939, 2363, 1014, 2469
re, 2760276.tif, 1338, 2394, 1413, 2461
ng, 2760276.tif, 917, 2526, 992, 2662
at, 2760276.tif, 1664, 2547, 1739, 2646
to, 2760276.tif, 535, 2715, 610, 2798
he, 2760276.tif, 1172, 2790, 1247, 2885
th, 2760276.tif, 1288, 2954, 1363, 3054
he, 2760276.tif, 1318, 2954, 1393, 3054
an, 2760276.tif, 1363, 2954, 1438, 3054
es, 2760276.tif, 658, 3054, 733, 3161
th, 2760276.tif, 1179, 3039, 1254, 3138
at, 2760276.tif, 1269, 3039, 1344, 3138
nd, 2770277.tif, 763, 143, 838, 253
th, 2770277.tif, 419, 403, 494, 525
nd, 2770277.tif, 1248, 487, 1323, 601
ed, 2770277.tif, 1248, 487, 1323, 601
to, 2770277.tif, 767, 594, 842, 670
an, 2770277.tif, 1392, 611, 1467, 670
on, 2770277.tif, 1452, 611, 1527, 670
th, 2770277.tif, 472, 735, 547, 842
th, 2770277.tif, 1647, 735, 1722, 862
re, 2770277.tif, 1821, 759, 1896, 857
th, 2770277.tif, 519, 831, 594, 933
at, 2770277.tif, 579, 831, 654, 933
to, 2770277.tif, 1472, 846, 1547, 925
th, 2770277.tif, 1422, 1078, 1497, 1177
he, 2770277.tif, 1452, 1078, 1527, 1177
it, 2770277.tif, 1392, 1078, 1467, 1177
an, 2770277.tif, 796, 1170, 871, 1274
to, 2770277.tif, 706, 1170, 781, 1274
nt, 2770277.tif, 826, 1170, 901, 1274
an, 2770277.tif, 791, 1267, 866, 1361
nd, 2770277.tif, 851, 1267, 926, 1361
to, 2770277.tif, 960, 1254, 1035, 1361
at, 2770277.tif, 1459, 1267, 1534, 1377
an, 2770277.tif, 1742, 1259, 1817, 1350
nd, 2770277.tif, 1787, 1259, 1862, 1350
to, 2770277.tif, 252, 1602, 327, 1702
re, 2770277.tif, 976, 1787, 1051, 1874
ar, 2770277.tif, 931, 1787, 1006, 1874
or, 2770277.tif, 1311, 1782, 1386, 1866
ed, 2770277.tif, 1506, 1782, 1581, 1866
en, 2770277.tif, 289, 1958, 364, 2061
he, 2770277.tif, 456, 1935, 531, 2042
an, 2770277.tif, 647, 2050, 722, 2126
th, 2770277.tif, 981, 2022, 1056, 2129
ar, 2770277.tif, 906, 2022, 981, 2129
th, 2770277.tif, 410, 2111, 485, 2213
he, 2770277.tif, 425, 2111, 500, 2213
th, 2770277.tif, 632, 2191, 707, 2298
he, 2770277.tif, 662, 2191, 737, 2298
ar, 2770277.tif, 1607, 2226, 1682, 2294
at, 2770277.tif, 1807, 2187, 1882, 2298
an, 2770277.tif, 1515, 2371, 1590, 2493
nd, 2770277.tif, 1545, 2371, 1620, 2493
at, 2770277.tif, 263, 2447, 338, 2585
to, 2770277.tif, 207, 2530, 282, 2665
on, 2770277.tif, 312, 2539, 387, 2650
nd, 2770277.tif, 327, 2539, 402, 2650
th, 2770277.tif, 496, 2623, 571, 2726
he, 2770277.tif, 541, 2623, 616, 2726
es, 2770277.tif, 749, 2606, 824, 2726
th, 2770277.tif, 1155, 2623, 1230, 2726
he, 2770277.tif, 1185, 2623, 1260, 2726
or, 2770277.tif, 199, 2695, 269, 2841
an, 2770277.tif, 405, 2823, 480, 2913
nd, 2770277.tif, 465, 2823, 540, 2913
th, 2770277.tif, 1703, 2791, 1778, 2909
nd, 2770277.tif, 338, 2891, 413, 2993
th, 2780278.tif, 1490, 291, 1565, 397
he, 2780278.tif, 1520, 291, 1595, 397
he, 2780278.tif, 1032, 462, 1107, 601
an, 2780278.tif, 818, 555, 893, 662
nd, 2780278.tif, 893, 555, 968, 662
th, 2780278.tif, 1040, 635, 1115, 738
he, 2780278.tif, 1085, 635, 1160, 738
to, 2780278.tif, 986, 1250, 1061, 1353
nd, 2780278.tif, 1147, 1235, 1222, 1366
to, 2780278.tif, 863, 1667, 938, 1777
at, 2780278.tif, 426, 1839, 501, 1950
th, 2780278.tif, 531, 1822, 606, 1942
to, 2780278.tif, 680, 1839, 755, 1950
to, 2780278.tif, 1119, 2015, 1194, 2098
nt, 2780278.tif, 1089, 2015, 1164, 2098
th, 2780278.tif, 1402, 2071, 1477, 2189
or, 2780278.tif, 1219, 2198, 1294, 2274
he, 2780278.tif, 1595, 2239, 1670, 2357
nd, 2780278.tif, 1670, 2239, 1745, 2357
at, 2780278.tif, 859, 2423, 934, 2537
er, 2780278.tif, 306, 2510, 381, 2613
to, 2780278.tif, 231, 2510, 306, 2613
re, 2780278.tif, 875, 2543, 950, 2633
on, 2780278.tif, 935, 2543, 1010, 2633
en, 2780278.tif, 920, 2543, 995, 2633
ed, 2780278.tif, 1612, 2695, 1687, 2806
re, 2780278.tif, 1748, 2799, 1823, 2865
at, 2780278.tif, 317, 2843, 392, 2958
nt, 2780278.tif, 317, 2843, 392, 2958
he, 2780278.tif, 831, 2851, 906, 2958
he, 2780278.tif, 964, 2851, 1039, 2965
he, 2780278.tif, 1491, 2847, 1566, 2965
he, 2780278.tif, 540, 2930, 615, 3037
at, 2780278.tif, 1076, 3038, 1151, 3126
it, 2780278.tif, 1091, 3038, 1166, 3126
an, 2790279.tif, 719, 123, 794, 250
nd, 2790279.tif, 749, 123, 824, 250
ar, 2790279.tif, 619, 658, 694, 742
to, 2790279.tif, 735, 647, 810, 721
th, 2790279.tif, 807, 618, 882, 725
th, 2790279.tif, 1113, 702, 1188, 813
he, 2790279.tif, 1143, 702, 1218, 813
or, 2790279.tif, 427, 819, 502, 922
nd, 2790279.tif, 547, 819, 622, 922
ed, 2790279.tif, 547, 819, 622, 922
to, 2790279.tif, 687, 819, 762, 910
th, 2790279.tif, 680, 887, 755, 990
he, 2790279.tif, 710, 887, 785, 990
ng, 2790279.tif, 1251, 882, 1326, 1013
on, 2790279.tif, 922, 1006, 997, 1069
or, 2790279.tif, 922, 1006, 997, 1069
he, 2790279.tif, 714, 1059, 789, 1153
re, 2790279.tif, 955, 1603, 1030, 1670
he, 2790279.tif, 330, 1723, 405, 1857
en, 2790279.tif, 1137, 1910, 1212, 2033
ng, 2790279.tif, 1752, 1935, 1827, 2038
an, 2790279.tif, 898, 2027, 973, 2097
nd, 2790279.tif, 988, 2027, 1063, 2097
re, 2790279.tif, 764, 2107, 839, 2185
at, 2790279.tif, 704, 2107, 779, 2185
ar, 2790279.tif, 719, 2107, 794, 2185
er, 2790279.tif, 332, 2187, 407, 2286
th, 2790279.tif, 722, 2342, 797, 2449
at, 2790279.tif, 1372, 2594, 1447, 2701
nd, 2790279.tif, 1659, 2590, 1734, 2701
ed, 2790279.tif, 1659, 2590, 1734, 2701
to, 2790279.tif, 1799, 2582, 1873, 2689
to, 2790279.tif, 219, 2842, 294, 2981
ng, 2790279.tif, 1629, 2834, 1704, 2974
or, 2790279.tif, 1360, 3023, 1435, 3122
or, 3000300.tif, 539, 111, 614, 242
re, 3000300.tif, 907, 422, 982, 498
ar, 3000300.tif, 877, 422, 952, 498
th, 3000300.tif, 1042, 479, 1117, 578
he, 3000300.tif, 1072, 479, 1147, 578
es, 3000300.tif, 1102, 479, 1177, 578
to, 3000300.tif, 1027, 479, 1102, 578
th, 3000300.tif, 375, 555, 450, 666
at, 3000300.tif, 450, 555, 525, 666
to, 3000300.tif, 375, 555, 450, 666
th, 3000300.tif, 1575, 651, 1650, 750
he, 3000300.tif, 1605, 651, 1680, 750
re, 3000300.tif, 1665, 651, 1740, 750
on, 3000300.tif, 1178, 735, 1253, 830
at, 3000300.tif, 1073, 735, 1148, 830
nd, 3000300.tif, 953, 735, 1028, 830
ti, 3000300.tif, 1118, 735, 1193, 830
an, 3000300.tif, 769, 838, 844, 918
on, 3000300.tif, 844, 838, 919, 918
or, 3000300.tif, 859, 838, 934, 918
th, 3000300.tif, 148, 1107, 215, 1246
he, 3000300.tif, 723, 1387, 798, 1529
er, 3000300.tif, 1441, 1414, 1516, 1525
to, 3000300.tif, 219, 1494, 294, 1601
he, 3000300.tif, 1234, 1494, 1309, 1605
to, 3000300.tif, 1728, 1506, 1803, 1605
to, 3000300.tif, 1323, 1590, 1398, 1685
er, 3000300.tif, 271, 1687, 346, 1769
th, 3000300.tif, 1079, 1662, 1154, 1773
at, 3000300.tif, 1154, 1662, 1229, 1773
to, 3000300.tif, 1276, 1670, 1351, 1769
th, 3000300.tif, 1447, 1666, 1522, 1773
he, 3000300.tif, 1462, 1666, 1537, 1773
an, 3000300.tif, 1597, 1666, 1672, 1773
nd, 3000300.tif, 1627, 1666, 1702, 1773
nd, 3000300.tif, 323, 1750, 398, 1874
to, 3000300.tif, 730, 1763, 805, 1853
on, 3000300.tif, 1511, 1754, 1586, 1857
th, 3000300.tif, 283, 1910, 358, 2061
re, 3000300.tif, 739, 2034, 814, 2109
th, 3000300.tif, 823, 2002, 898, 2113
at, 3000300.tif, 883, 2002, 958, 2113
at, 3000300.tif, 493, 2267, 568, 2365
an, 3000300.tif, 1067, 2275, 1142, 2374
en, 3000300.tif, 1097, 2275, 1172, 2374
nd, 3000300.tif, 1127, 2275, 1202, 2374
he, 3000300.tif, 1592, 2342, 1667, 2462
re, 3000300.tif, 1592, 2342, 1667, 2462
to, 3000300.tif, 756, 2611, 831, 2706
nd, 3000300.tif, 1020, 2607, 1095, 2725
ed, 3000300.tif, 1020, 2607, 1095, 2725
at, 3000300.tif, 394, 2691, 469, 2834
ng, 3000300.tif, 304, 2691, 379, 2834
ng, 3000300.tif, 961, 2855, 1036, 2998
to, 3000300.tif, 176, 2947, 251, 3050
on, 3000300.tif, 1291, 2947, 1366, 3058
nd, 3000300.tif, 1021, 3042, 1096, 3138
th, 3000300.tif, 1527, 3035, 1602, 3138
he, 3000300.tif, 1542, 3035, 1617, 3138
on, 3010301.tif, 1035, 306, 1110, 410
or, 3010301.tif, 1200, 306, 1275, 410
he, 3010301.tif, 1262, 551, 1337, 673
on, 3010301.tif, 1307, 551, 1382, 673
ed, 3010301.tif, 1457, 551, 1532, 673
re, 3010301.tif, 1771, 603, 1846, 677
th, 3010301.tif, 1891, 574, 1966, 681
th, 3010301.tif, 268, 635, 343, 746
he, 3010301.tif, 313, 635, 388, 746
th, 3010301.tif, 817, 726, 892, 838
th, 3010301.tif, 863, 822, 938, 925
he, 3010301.tif, 893, 822, 968, 925
te, 3010301.tif, 399, 991, 474, 1090
he, 3010301.tif, 1391, 1074, 1466, 1177
an, 3010301.tif, 1881, 1094, 1956, 1185
at, 3010301.tif, 1926, 1094, 2001, 1185
nt, 3010301.tif, 1926, 1094, 2001, 1185
ed, 3010301.tif, 1702, 1155, 1777, 1290
to, 3010301.tif, 1887, 1167, 1962, 1257
to, 3010301.tif, 795, 1239, 870, 1329
he, 3010301.tif, 868, 1235, 943, 1338
on, 3010301.tif, 1247, 1270, 1322, 1346
or, 3010301.tif, 1262, 1270, 1337, 1346
at, 3010301.tif, 565, 1331, 640, 1429
nt, 3010301.tif, 550, 1331, 625, 1429
it, 3010301.tif, 565, 1331, 640, 1429
th, 3010301.tif, 764, 1326, 839, 1429
he, 3010301.tif, 809, 1326, 884, 1429
th, 3010301.tif, 292, 1402, 367, 1518
at, 3010301.tif, 352, 1402, 427, 1518
th, 3010301.tif, 1507, 1418, 1582, 1533
he, 3010301.tif, 1522, 1418, 1597, 1533
en, 3010301.tif, 1184, 1511, 1259, 1637
it, 3010301.tif, 583, 1591, 658, 1681
th, 3010301.tif, 875, 1743, 950, 1850
he, 3010301.tif, 905, 1743, 980, 1850
th, 3010301.tif, 1595, 1750, 1670, 1861
he, 3010301.tif, 1625, 1750, 1700, 1861
th, 3010301.tif, 797, 1822, 872, 1942
he, 3010301.tif, 1343, 1839, 1418, 1946
ar, 3010301.tif, 728, 2115, 803, 2198
an, 3010301.tif, 1650, 2287, 1725, 2370
nd, 3010301.tif, 1710, 2287, 1785, 2370
re, 3010301.tif, 454, 2463, 529, 2541
on, 3010301.tif, 364, 2463, 439, 2541
to, 3010301.tif, 1914, 2539, 1989, 2630
an, 3010301.tif, 1222, 2686, 1297, 2802
ar, 3010301.tif, 1162, 2686, 1237, 2802
nt, 3010301.tif, 1267, 2686, 1342, 2802
to, 3010301.tif, 1514, 2706, 1589, 2802
th, 3010301.tif, 754, 2767, 829, 2882
he, 3010301.tif, 784, 2767, 859, 2882
at, 3010301.tif, 843, 2875, 918, 2969
an, 3010301.tif, 1667, 3062, 1742, 3154
at, 3010301.tif, 1712, 3062, 1787, 3154
nt, 3010301.tif, 1712, 3062, 1787, 3154
or, 3020302.tif, 548, 126, 623, 238
an, 3020302.tif, 818, 130, 893, 234
nd, 3020302.tif, 863, 130, 938, 234
ng, 3020302.tif, 1336, 307, 1411, 437
to, 3020302.tif, 1644, 410, 1719, 498
on, 3020302.tif, 1076, 651, 1151, 750
ed, 3020302.tif, 1301, 651, 1376, 750
to, 3020302.tif, 1151, 651, 1226, 750
nt, 3020302.tif, 1106, 651, 1181, 750
re, 3020302.tif, 315, 746, 390, 822
ng, 3020302.tif, 1380, 931, 1455, 1025
at, 3020302.tif, 646, 979, 721, 1082
it, 3020302.tif, 646, 979, 721, 1082
to, 3020302.tif, 1082, 990, 1157, 1086
on, 3020302.tif, 1332, 998, 1407, 1090
th, 3020302.tif, 1567, 983, 1642, 1090
he, 3020302.tif, 1597, 983, 1672, 1090
th, 3020302.tif, 463, 1143, 538, 1250
he, 3020302.tif, 478, 1143, 553, 1250
nd, 3020302.tif, 1106, 1158, 1181, 1258
st, 3020302.tif, 1031, 1158, 1106, 1258
it, 3020302.tif, 1521, 1170, 1596, 1273
ng, 3020302.tif, 575, 1242, 650, 1366
re, 3020302.tif, 1367, 1267, 1442, 1345
nt, 3020302.tif, 1629, 1326, 1704, 1458
an, 3020302.tif, 283, 1506, 358, 1590
on, 3020302.tif, 328, 1506, 403, 1590
or, 3020302.tif, 328, 1506, 403, 1590
he, 3020302.tif, 679, 1487, 754, 1597
nd, 3020302.tif, 754, 1487, 829, 1597
or, 3020302.tif, 1463, 1527, 1538, 1601
on, 3020302.tif, 883, 1603, 958, 1685
or, 3020302.tif, 883, 1603, 958, 1685
nd, 3020302.tif, 411, 1823, 486, 1970
th, 3020302.tif, 1028, 1847, 1103, 1949
te, 3020302.tif, 220, 1926, 295, 2021
to, 3020302.tif, 220, 1926, 295, 2021
re, 3020302.tif, 1134, 1954, 1209, 2029
or, 3020302.tif, 1194, 1954, 1269, 2029
th, 3020302.tif, 579, 2002, 654, 2109
en, 3020302.tif, 1005, 2107, 1080, 2197
to, 3020302.tif, 1179, 2107, 1254, 2197
ng, 3020302.tif, 1372, 2094, 1447, 2233
he, 3020302.tif, 421, 2174, 496, 2269
ar, 3020302.tif, 975, 2170, 1050, 2286
an, 3020302.tif, 1434, 2206, 1509, 2286
on, 3020302.tif, 1479, 2206, 1554, 2286
he, 3020302.tif, 1089, 2254, 1164, 2374
or, 3020302.tif, 1676, 2262, 1751, 2378
th, 3020302.tif, 606, 2435, 681, 2538
he, 3020302.tif, 636, 2435, 711, 2538
ng, 3020302.tif, 1588, 2443, 1663, 2561
th, 3020302.tif, 536, 2510, 611, 2617
he, 3020302.tif, 476, 2510, 551, 2617
th, 3020302.tif, 1396, 2603, 1471, 2714
he, 3020302.tif, 1411, 2603, 1486, 2714
nd, 3020302.tif, 1486, 2603, 1561, 2714
ed, 3020302.tif, 1576, 2603, 1651, 2714
en, 3020302.tif, 1810, 2638, 1885, 2714
on, 3020302.tif, 1391, 2786, 1466, 2886
th, 3020302.tif, 1660, 2783, 1735, 2886
at, 3020302.tif, 449, 2867, 524, 2989
ng, 3020302.tif, 344, 2867, 419, 2989
he, 3020302.tif, 1339, 2863, 1414, 2989
nd, 3020302.tif, 1399, 2863, 1474, 2989
ed, 3020302.tif, 1459, 2863, 1534, 2989
th, 3020302.tif, 187, 3014, 262, 3126
at, 3020302.tif, 262, 3014, 337, 3126
an, 3020302.tif, 1114, 3031, 1189, 3134
at, 3020302.tif, 919, 3031, 994, 3134
nd, 3020302.tif, 1039, 3031, 1114, 3134
en, 3030303.tif, 784, 158, 859, 250
nd, 3030303.tif, 814, 158, 889, 250
st, 3030303.tif, 292, 338, 367, 410
nd, 3030303.tif, 901, 327, 976, 442
ed, 3030303.tif, 901, 327, 976, 442
ng, 3030303.tif, 1731, 335, 1806, 437
ng, 3030303.tif, 1236, 426, 1311, 533
he, 3030303.tif, 1775, 498, 1850, 597
re, 3030303.tif, 1835, 498, 1910, 597
th, 3030303.tif, 340, 575, 415, 677
at, 3030303.tif, 768, 583, 843, 674
at, 3030303.tif, 742, 674, 817, 757
it, 3030303.tif, 742, 674, 817, 757
on, 3030303.tif, 1385, 759, 1460, 842
to, 3030303.tif, 1310, 759, 1385, 842
he, 3030303.tif, 944, 995, 1019, 1098
he, 3030303.tif, 834, 1086, 909, 1178
th, 3030303.tif, 1003, 1259, 1078, 1353
re, 3030303.tif, 560, 1446, 635, 1526
en, 3030303.tif, 470, 1446, 545, 1526
ed, 3030303.tif, 710, 1446, 785, 1526
th, 3030303.tif, 1264, 1443, 1339, 1534
he, 3030303.tif, 1294, 1443, 1369, 1534
to, 3030303.tif, 234, 1526, 309, 1606
th, 3030303.tif, 300, 1507, 375, 1606
he, 3030303.tif, 330, 1507, 405, 1606
at, 3030303.tif, 359, 1603, 434, 1697
he, 3030303.tif, 287, 1763, 362, 1865
th, 3030303.tif, 768, 1763, 843, 1873
to, 3030303.tif, 1799, 1790, 1874, 1870
he, 3030303.tif, 608, 1846, 683, 1953
on, 3030303.tif, 1891, 1894, 1966, 1966
or, 3030303.tif, 1876, 1894, 1951, 1966
or, 3030303.tif, 615, 1971, 690, 2033
or, 3030303.tif, 992, 2062, 1067, 2150
to, 3030303.tif, 1791, 2051, 1866, 2129
at, 3030303.tif, 621, 2118, 696, 2209
it, 3030303.tif, 621, 2118, 696, 2209
ng, 3030303.tif, 1032, 2198, 1107, 2334
th, 3030303.tif, 1501, 2294, 1576, 2393
he, 3030303.tif, 1396, 2294, 1471, 2393
re, 3030303.tif, 584, 2398, 659, 2465
th, 3030303.tif, 1518, 2387, 1593, 2486
he, 3030303.tif, 1533, 2387, 1608, 2486
it, 3030303.tif, 1776, 2406, 1851, 2486
nd, 3030303.tif, 754, 2471, 829, 2582
he, 3030303.tif, 1184, 2455, 1259, 2558
an, 3030303.tif, 1196, 2586, 1271, 2686
ng, 3030303.tif, 1031, 2586, 1106, 2686
th, 3030303.tif, 694, 2714, 769, 2814
he, 3030303.tif, 724, 2714, 799, 2814
to, 3030303.tif, 1784, 2754, 1859, 2833
re, 3030303.tif, 1062, 2839, 1137, 2906
an, 3030303.tif, 1519, 2850, 1594, 2946
re, 3030303.tif, 716, 2906, 791, 2978
on, 3030303.tif, 596, 2906, 671, 2978
or, 3030303.tif, 596, 2906, 671, 2978
to, 3030303.tif, 1050, 2903, 1125, 2981
th, 3040304.tif, 1308, 366, 1383, 474
on, 3040304.tif, 487, 491, 562, 553
or, 3040304.tif, 517, 491, 592, 553
it, 3040304.tif, 1759, 463, 1834, 541
to, 3040304.tif, 968, 534, 1043, 650
at, 3040304.tif, 496, 638, 571, 725
it, 3040304.tif, 496, 638, 571, 725
th, 3040304.tif, 852, 619, 927, 722
he, 3040304.tif, 882, 619, 957, 722
th, 3040304.tif, 400, 938, 475, 1066
to, 3040304.tif, 771, 1151, 846, 1233
nd, 3040304.tif, 1299, 1158, 1374, 1229
te, 3040304.tif, 1064, 1214, 1139, 1321
it, 3040304.tif, 1019, 1214, 1094, 1321
an, 3040304.tif, 1255, 1298, 1330, 1398
he, 3040304.tif, 1588, 1307, 1663, 1402
to, 3040304.tif, 1688, 1315, 1763, 1398
to, 3040304.tif, 1070, 1747, 1145, 1825
to, 3040304.tif, 1447, 1734, 1522, 1838
te, 3040304.tif, 200, 1831, 275, 1933
to, 3040304.tif, 200, 1831, 275, 1933
th, 3040304.tif, 285, 1903, 360, 2033
ng, 3040304.tif, 240, 1903, 315, 2033
ng, 3040304.tif, 668, 1910, 743, 2026
re, 3040304.tif, 1000, 1935, 1075, 2001
th, 3040304.tif, 1062, 1903, 1137, 2006
he, 3040304.tif, 1077, 1903, 1152, 2006
at, 3040304.tif, 1137, 1903, 1212, 2006
an, 3040304.tif, 1173, 2063, 1248, 2173
he, 3040304.tif, 1528, 2055, 1603, 2178
re, 3040304.tif, 1588, 2055, 1663, 2178
ng, 3040304.tif, 236, 2190, 311, 2286
at, 3040304.tif, 493, 2154, 568, 2261
to, 3040304.tif, 1211, 2170, 1286, 2257
it, 3040304.tif, 1420, 2167, 1495, 2257
an, 3040304.tif, 1427, 2258, 1502, 2358
nd, 3040304.tif, 1487, 2258, 1562, 2358
th, 3040304.tif, 1171, 2330, 1246, 2426
he, 3040304.tif, 1186, 2330, 1261, 2426
an, 3040304.tif, 783, 2511, 858, 2602
ed, 3040304.tif, 963, 2511, 1038, 2602
ar, 3040304.tif, 798, 2511, 873, 2602
th, 3040304.tif, 1528, 2498, 1603, 2614
he, 3040304.tif, 1558, 2498, 1633, 2614
or, 3040304.tif, 819, 2778, 894, 2878
he, 3040304.tif, 1477, 2758, 1552, 2874
th, 3040304.tif, 1556, 2846, 1631, 2946
it, 3040304.tif, 717, 3022, 792, 3138
an, 3050305.tif, 794, 135, 869, 229
nd, 3050305.tif, 839, 135, 914, 229
on, 3050305.tif, 345, 578, 420, 658
ng, 3050305.tif, 854, 559, 929, 690
th, 3050305.tif, 872, 635, 947, 745
on, 3050305.tif, 1677, 678, 1752, 758
to, 3050305.tif, 255, 735, 330, 826
an, 3050305.tif, 326, 842, 401, 909
th, 3050305.tif, 1194, 814, 1269, 937
he, 3050305.tif, 1209, 814, 1284, 937
at, 3050305.tif, 1254, 814, 1329, 937
nt, 3050305.tif, 1254, 814, 1329, 937
on, 3050305.tif, 1791, 863, 1866, 930
th, 3050305.tif, 1832, 835, 1907, 934
he, 3050305.tif, 1877, 835, 1952, 934
th, 3050305.tif, 622, 895, 697, 1026
an, 3050305.tif, 1435, 935, 1510, 1009
on, 3050305.tif, 1480, 935, 1555, 1009
or, 3050305.tif, 1480, 935, 1555, 1009
nd, 3050305.tif, 1510, 935, 1585, 1009
ed, 3050305.tif, 1525, 935, 1600, 1009
ar, 3050305.tif, 1420, 935, 1495, 1009
on, 3050305.tif, 1913, 946, 1988, 1018
te, 3050305.tif, 386, 987, 461, 1082
to, 3050305.tif, 251, 987, 326, 1082
th, 3050305.tif, 766, 987, 841, 1113
ed, 3050305.tif, 510, 1330, 585, 1429
ng, 3050305.tif, 944, 1451, 1019, 1550
th, 3050305.tif, 1191, 1426, 1266, 1522
he, 3050305.tif, 1221, 1426, 1296, 1522
re, 3050305.tif, 360, 1530, 435, 1597
or, 3050305.tif, 285, 1530, 360, 1597
at, 3050305.tif, 360, 1583, 435, 1693
to, 3050305.tif, 1827, 1598, 1902, 1706
he, 3050305.tif, 1227, 1666, 1302, 1770
at, 3050305.tif, 1182, 1666, 1257, 1770
an, 3050305.tif, 620, 2099, 695, 2202
at, 3050305.tif, 665, 2099, 740, 2202
nt, 3050305.tif, 650, 2099, 725, 2202
an, 3050305.tif, 878, 2203, 953, 2281
nd, 3050305.tif, 953, 2203, 1028, 2281
re, 3050305.tif, 1248, 2218, 1323, 2281
th, 3050305.tif, 260, 2254, 335, 2357
he, 3050305.tif, 290, 2254, 365, 2357
to, 3050305.tif, 305, 2507, 380, 2605
at, 3050305.tif, 499, 2595, 574, 2690
an, 3050305.tif, 1003, 2691, 1078, 2813
th, 3050305.tif, 1364, 2778, 1439, 2881
he, 3050305.tif, 1394, 2778, 1469, 2881
an, 3050305.tif, 696, 2974, 771, 3069
to, 3050305.tif, 941, 3042, 1016, 3129
he, 3050305.tif, 1108, 3023, 1183, 3129
at, 3050305.tif, 1153, 3023, 1228, 3129
he, 3050305.tif, 1852, 3038, 1927, 3150
or, 3060306.tif, 408, 407, 483, 474
th, 3060306.tif, 562, 455, 637, 557
at, 3060306.tif, 622, 455, 697, 557
on, 3060306.tif, 1447, 559, 1522, 641
or, 3060306.tif, 1447, 559, 1522, 641
at, 3060306.tif, 715, 638, 790, 725
st, 3060306.tif, 700, 638, 775, 725
it, 3060306.tif, 715, 638, 790, 725
an, 3060306.tif, 994, 642, 1069, 729
nd, 3060306.tif, 1054, 642, 1129, 729
th, 3060306.tif, 794, 710, 869, 813
at, 3060306.tif, 1181, 726, 1256, 813
st, 3060306.tif, 1181, 726, 1256, 813
nt, 3060306.tif, 1181, 726, 1256, 813
on, 3060306.tif, 1303, 902, 1378, 986
at, 3060306.tif, 1363, 902, 1438, 986
an, 3060306.tif, 1093, 999, 1168, 1097
to, 3060306.tif, 1728, 974, 1803, 1090
th, 3060306.tif, 933, 1047, 1008, 1177
ng, 3060306.tif, 888, 1047, 963, 1177
an, 3060306.tif, 1254, 1083, 1329, 1158
nd, 3060306.tif, 1329, 1083, 1404, 1158
to, 3060306.tif, 1232, 1155, 1307, 1237
an, 3060306.tif, 1447, 1230, 1522, 1330
nd, 3060306.tif, 1522, 1230, 1597, 1330
at, 3060306.tif, 935, 1410, 1010, 1497
st, 3060306.tif, 935, 1410, 1010, 1497
ed, 3060306.tif, 1667, 1415, 1742, 1522
th, 3060306.tif, 272, 1471, 347, 1570
he, 3060306.tif, 302, 1471, 377, 1570
th, 3060306.tif, 183, 1815, 258, 1913
he, 3060306.tif, 228, 1815, 303, 1913
or, 3060306.tif, 288, 1815, 363, 1913
en, 3060306.tif, 273, 1815, 348, 1913
it, 3060306.tif, 1034, 1835, 1109, 1918
to, 3060306.tif, 225, 2063, 300, 2169
to, 3060306.tif, 1523, 2267, 1598, 2349
ng, 3060306.tif, 250, 2319, 325, 2462
an, 3060306.tif, 382, 2654, 457, 2770
nd, 3060306.tif, 427, 2654, 502, 2770
ed, 3060306.tif, 502, 2654, 577, 2770
it, 3060306.tif, 1279, 2662, 1354, 2781
or, 3060306.tif, 627, 2766, 702, 2862
on, 3060306.tif, 1407, 2798, 1482, 2885
en, 3060306.tif, 1392, 2798, 1467, 2885
he, 3060306.tif, 1606, 2766, 1681, 2878
an, 3070307.tif, 851, 291, 926, 398
nd, 3070307.tif, 896, 291, 971, 398
an, 3070307.tif, 1166, 402, 1241, 489
nd, 3070307.tif, 1226, 402, 1301, 489
to, 3070307.tif, 1331, 402, 1406, 489
to, 3070307.tif, 1778, 407, 1853, 486
nd, 3070307.tif, 349, 463, 424, 594
ng, 3070307.tif, 1031, 494, 1106, 597
to, 3070307.tif, 215, 723, 290, 829
to, 3070307.tif, 1458, 911, 1533, 1006
th, 3070307.tif, 1622, 903, 1697, 1006
at, 3070307.tif, 1682, 903, 1757, 1006
ng, 3070307.tif, 1113, 999, 1188, 1117
nd, 3070307.tif, 1295, 1079, 1370, 1166
on, 3070307.tif, 262, 1178, 337, 1282
th, 3070307.tif, 380, 1151, 455, 1273
th, 3070307.tif, 699, 1170, 774, 1273
ar, 3070307.tif, 639, 1170, 714, 1273
re, 3070307.tif, 886, 1266, 961, 1337
es, 3070307.tif, 1450, 1255, 1525, 1358
ng, 3070307.tif, 1300, 1255, 1375, 1358
th, 3070307.tif, 446, 1311, 521, 1425
th, 3070307.tif, 1716, 1323, 1791, 1437
at, 3070307.tif, 1342, 1419, 1417, 1526
to, 3070307.tif, 331, 1510, 406, 1594
to, 3070307.tif, 1018, 1507, 1093, 1606
an, 3070307.tif, 1800, 1519, 1875, 1613
nd, 3070307.tif, 1860, 1519, 1935, 1613
to, 3070307.tif, 335, 1599, 410, 1678
en, 3070307.tif, 801, 1671, 876, 1790
th, 3070307.tif, 1551, 2266, 1626, 2366
it, 3070307.tif, 1521, 2266, 1596, 2366
ng, 3070307.tif, 326, 2355, 401, 2474
an, 3070307.tif, 1311, 2374, 1386, 2477
ng, 3070307.tif, 1341, 2374, 1416, 2477
ng, 3070307.tif, 671, 2542, 746, 2654
th, 3070307.tif, 1436, 2947, 1511, 3053
ng, 3070307.tif, 1542, 2947, 1617, 3074
nd, 3080308.tif, 788, 111, 863, 222
he, 3080308.tif, 1409, 287, 1484, 401
an, 3080308.tif, 646, 379, 721, 473
nd, 3080308.tif, 706, 379, 781, 473
at, 3080308.tif, 1124, 475, 1199, 562
th, 3080308.tif, 1215, 455, 1290, 562
he, 3080308.tif, 1260, 455, 1335, 562
ar, 3080308.tif, 1546, 479, 1621, 558
nt, 3080308.tif, 274, 618, 349, 750
th, 3080308.tif, 768, 710, 843, 826
he, 3080308.tif, 798, 710, 873, 826
re, 3080308.tif, 983, 730, 1058, 817
ar, 3080308.tif, 938, 730, 1013, 817
at, 3080308.tif, 1335, 723, 1410, 826
en, 3080308.tif, 1290, 723, 1365, 826
nt, 3080308.tif, 1320, 723, 1395, 826
it, 3080308.tif, 1335, 723, 1410, 826
th, 3080308.tif, 1700, 710, 1775, 810
he, 3080308.tif, 1745, 710, 1820, 810
th, 3080308.tif, 451, 967, 526, 1065
he, 3080308.tif, 376, 967, 451, 1065
to, 3080308.tif, 904, 1058, 979, 1157
er, 3080308.tif, 1104, 1250, 1179, 1313
on, 3080308.tif, 1014, 1250, 1089, 1313
or, 3080308.tif, 1014, 1250, 1089, 1313
th, 3080308.tif, 1151, 1235, 1226, 1322
he, 3080308.tif, 1181, 1235, 1256, 1322
th, 3080308.tif, 1360, 1223, 1435, 1322
he, 3080308.tif, 1390, 1223, 1465, 1322
at, 3080308.tif, 1435, 1223, 1510, 1322
te, 3080308.tif, 824, 1391, 899, 1490
ar, 3080308.tif, 764, 1391, 839, 1490
to, 3080308.tif, 824, 1391, 899, 1490
it, 3080308.tif, 1312, 1662, 1387, 1746
nt, 3080308.tif, 691, 1726, 766, 1858
on, 3080308.tif, 1272, 1771, 1347, 1838
or, 3080308.tif, 1287, 1771, 1362, 1838
or, 3080308.tif, 381, 2151, 456, 2274
to, 3080308.tif, 351, 2151, 426, 2274
th, 3080308.tif, 1199, 2151, 1274, 2258
he, 3080308.tif, 1229, 2151, 1304, 2258
it, 3080308.tif, 1184, 2151, 1259, 2258
th, 3080308.tif, 1003, 2330, 1078, 2437
an, 3080308.tif, 954, 2439, 1029, 2538
es, 3080308.tif, 1104, 2439, 1179, 2538
ar, 3080308.tif, 954, 2439, 1029, 2538
en, 3080308.tif, 1655, 2426, 1730, 2517
to, 3080308.tif, 699, 2683, 774, 2781
ng, 3080308.tif, 1656, 2850, 1731, 2973
nd, 3080308.tif, 782, 2971, 857, 3034
th, 3080308.tif, 1087, 2935, 1162, 3034
an, 3080308.tif, 1177, 2935, 1252, 3034
on, 3080308.tif, 1192, 2935, 1267, 3034
en, 3080308.tif, 1177, 2935, 1252, 3034
at, 3080308.tif, 912, 3031, 987, 3137
or, 3080308.tif, 897, 3031, 972, 3137
an, 3080308.tif, 1083, 3034, 1158, 3134
nd, 3080308.tif, 1128, 3034, 1203, 3134
th, 3080308.tif, 1579, 3022, 1654, 3134
to, 3080308.tif, 1579, 3022, 1654, 3134
at, 3090309.tif, 894, 310, 969, 405
it, 3090309.tif, 909, 310, 984, 405
to, 3090309.tif, 402, 819, 477, 909
he, 3090309.tif, 1280, 822, 1355, 917
re, 3090309.tif, 1340, 822, 1415, 917
at, 3090309.tif, 1860, 843, 1935, 925
to, 3090309.tif, 802, 899, 877, 1010
ng, 3090309.tif, 742, 899, 817, 1010
an, 3090309.tif, 769, 990, 844, 1085
th, 3090309.tif, 1696, 1251, 1771, 1353
he, 3090309.tif, 1726, 1251, 1801, 1353
an, 3090309.tif, 1591, 1251, 1666, 1353
en, 3090309.tif, 1500, 1502, 1575, 1614
an, 3090309.tif, 1426, 1622, 1501, 1705
en, 3090309.tif, 1411, 1622, 1486, 1705
on, 3090309.tif, 1575, 1622, 1650, 1689
th, 3090309.tif, 452, 1659, 527, 1761
he, 3090309.tif, 482, 1659, 557, 1761
on, 3090309.tif, 1349, 1678, 1424, 1793
to, 3090309.tif, 1304, 1678, 1379, 1793
th, 3090309.tif, 1564, 1670, 1639, 1777
he, 3090309.tif, 1594, 1670, 1669, 1777
he, 3090309.tif, 476, 1755, 551, 1849
to, 3090309.tif, 331, 1846, 406, 1945
he, 3090309.tif, 813, 1830, 888, 1942
to, 3090309.tif, 1208, 1851, 1283, 1958
he, 3090309.tif, 1057, 1923, 1132, 2022
an, 3090309.tif, 1289, 1950, 1364, 2030
nd, 3090309.tif, 1244, 1950, 1319, 2030
th, 3090309.tif, 387, 2003, 462, 2105
he, 3090309.tif, 417, 2003, 492, 2105
at, 3090309.tif, 1085, 2011, 1160, 2113
st, 3090309.tif, 1070, 2011, 1145, 2113
th, 3090309.tif, 1410, 2355, 1485, 2454
he, 3090309.tif, 1440, 2355, 1515, 2454
an, 3090309.tif, 927, 2430, 1002, 2542
nd, 3090309.tif, 972, 2430, 1047, 2542
en, 3090309.tif, 1109, 2610, 1184, 2718
te, 3090309.tif, 1064, 2610, 1139, 2718
er, 3090309.tif, 1395, 2623, 1470, 2710
or, 3090309.tif, 1275, 2623, 1350, 2710
nd, 3090309.tif, 1320, 2623, 1395, 2710
ed, 3090309.tif, 1320, 2623, 1395, 2710
he, 3090309.tif, 1684, 2615, 1759, 2713
on, 3090309.tif, 1842, 2639, 1917, 2729
or, 3090309.tif, 1827, 2639, 1902, 2729
th, 3090309.tif, 292, 2767, 367, 2870
he, 3090309.tif, 322, 2767, 397, 2870
to, 3090309.tif, 791, 2778, 866, 2878
th, 3090309.tif, 420, 2855, 495, 2954
he, 3090309.tif, 450, 2855, 525, 2954
ng, 3090309.tif, 1188, 2863, 1263, 2986
ng, 3090309.tif, 1661, 2882, 1736, 2986
an, 3090309.tif, 1239, 2983, 1314, 3050
re, 3090309.tif, 1329, 2983, 1404, 3050
